country,nThumbsUp,city,reportRating,confidence,reliability,type,uuid,roadType,magvar,subtype,street,location/x,location/y,pubMillis,reportDescription
ID,0,Tangerang Selatan,3,0,5,JAM,4e6e8713-1e1b-350a-b422-ff6268e4b1b1,2,144,JAM_HEAVY_TRAFFIC,WR Supratman,106.757045,-6.305129,1507269382251,
ID,0,Tangerang Selatan,1,0,5,JAM,b8880f6d-7f03-3472-9639-151924b1b763,2,17,JAM_MODERATE_TRAFFIC,Cirendeu Raya,106.772539,-6.309396,1507269700501,
ID,0,Tangerang Selatan,2,0,5,JAM,bd4abc90-5da0-3519-9dd1-561d7b0631c9,2,99,JAM_HEAVY_TRAFFIC,Ceger Raya,106.72999,-6.262537,1507269506330,
ID,0,Jakarta Selatan,2,0,5,JAM,1c7ca3c1-de57-34a6-b586-aff0fc35b0a0,2,263,JAM_STAND_STILL_TRAFFIC,Kesehatan Raya,106.760479,-6.270922,1507269513278,
ID,0,Jakarta Selatan,0,0,5,JAM,fb5aee87-bdc5-3905-83da-0501c4c134ed,2,172,JAM_MODERATE_TRAFFIC,Peninggaran Raya,106.772482,-6.24456,1507269559089,
ID,0,Tangerang Selatan,2,0,5,JAM,68e928df-b8ac-3c3a-b20e-8441afcb5cf7,2,78,JAM_HEAVY_TRAFFIC,Ceger Raya,106.736242,-6.262869,1507269684890,
ID,0,Jakarta Selatan,0,0,5,JAM,d156aa1f-d2c3-3256-a107-e5b0c1459420,2,177,JAM_MODERATE_TRAFFIC,Delman Utama 1,106.772767,-6.247678,1507269761359,
ID,0,Jakarta Selatan,0,5,10,ROAD_CLOSED,fb50aef2-74e0-35cd-8a01-2cb55c858fcc,,0,ROAD_CLOSED_EVENT,TB Simatupang,106.839653,-6.302743,1504580738257,penutupan perlintasan
ID,0,Jakarta Selatan,1,0,5,JAM,6d49514a-d83c-3586-8f2d-10ebacc9722c,2,55,JAM_HEAVY_TRAFFIC,Terogong Raya,106.788314,-6.284688,1507269947080,
ID,0,Jakarta Selatan,0,2,10,ROAD_CLOSED,5c75d832-25d5-361d-841e-1951b17e8640,,0,ROAD_CLOSED_EVENT,,106.797225,-6.263901,1506386800625,
ID,0,Jakarta Selatan,0,5,10,ROAD_CLOSED,bfd4e5a4-e3db-3752-86ed-67c89c6ea482,,0,ROAD_CLOSED_EVENT,,106.797128,-6.263916,1506386800333,
ID,0,Jakarta Selatan,3,0,5,JAM,d99a6a07-9549-3ca3-9a54-54dffda0c64f,2,282,JAM_MODERATE_TRAFFIC,Kemang Selatan,106.817104,-6.273357,1507269522199,
ID,0,Jakarta Selatan,1,0,5,JAM,679df650-0faa-3007-9520-a6a14af38a6d,2,272,JAM_STAND_STILL_TRAFFIC,Kemang Utara,106.824182,-6.258019,1507269943043,
ID,0,Jakarta Selatan,2,0,5,JAM,ddee42f6-d5f5-3fd6-a53a-b5fb68a218c5,2,289,JAM_MODERATE_TRAFFIC,Pejaten Barat,106.821369,-6.276067,1507270130325,
ID,0,Jakarta Selatan,3,0,5,JAM,1bda41a2-c245-379c-9968-14b5441a4fff,2,191,JAM_HEAVY_TRAFFIC,Salihara,106.838421,-6.281335,1507270179891,
ID,0,Jakarta Selatan,1,0,5,JAM,4cfa0e98-2cb9-339f-a96d-b596c3fe8f4e,2,174,JAM_HEAVY_TRAFFIC,Kemang Raya,106.816102,-6.264184,1507270196316,
ID,0,Jakarta Selatan,0,5,10,ROAD_CLOSED,e4dc6828-9ce7-3818-be04-38c68979a6ee,,0,ROAD_CLOSED_EVENT,,106.82567,-6.240247,1500549557210,konstruksi underpass
ID,0,Jakarta Selatan,0,5,10,ROAD_CLOSED,fc7ad61c-adce-3d83-9fa4-6659bc19834f,,0,ROAD_CLOSED_EVENT,Sisingamangaraja,106.797975,-6.245891,1506318989459,proyek MRT
ID,0,Jakarta Selatan,1,0,5,JAM,c871350d-b1b1-3a32-b427-49d82168b5cb,2,89,JAM_HEAVY_TRAFFIC,Kemang Utara,106.823228,-6.258001,1507269471790,
ID,0,Jakarta Selatan,1,0,5,JAM,2e95f005-8949-3131-903c-f4606e8b0649,1,4,JAM_MODERATE_TRAFFIC,Kostrad Pusri,106.757243,-6.235608,1507270125498,
ID,0,Jakarta Barat,0,1,8,ROAD_CLOSED,939366b5-a4fe-3124-8ded-d71e0b6d2ef3,,0,ROAD_CLOSED_EVENT,Kembangan Raya,106.73997,-6.182808,1502623071746,Pengalihan Jalan Untuk Perbaikan Jalan
ID,0,Jakarta Barat,0,5,10,ROAD_CLOSED,463d34fa-d4d4-3cb9-948b-4fd40060c63c,,0,ROAD_CLOSED_EVENT,Kembangan Raya,106.742075,-6.181363,1503366183427,Pengalihan Jalan Untuk Perbaikan Jalan
ID,0,Jakarta Barat,0,5,10,ROAD_CLOSED,1ea036b7-626a-35f6-8fd8-f672ccb6268e,,0,ROAD_CLOSED_EVENT,Kembangan Raya,106.738084,-6.184713,1502623064614,Pengalihan Jalan Untuk Perbaikan Jalan
ID,0,Jakarta Barat,0,0,6,ROAD_CLOSED,ee618fc9-91e0-32e2-a7d7-475afaae6767,,0,ROAD_CLOSED_EVENT,Kembangan Raya,106.74211,-6.181288,1503366183293,Pengalihan Jalan Untuk Perbaikan Jalan
ID,0,Jakarta Barat,0,0,6,JAM,00c5596f-f9b2-3327-8989-abf1dc032b50,1,82,JAM_STAND_STILL_TRAFFIC,Surya Sarana,106.763327,-6.174891,1507269529710,
ID,0,Jakarta Barat,1,0,5,JAM,dd1aad56-2324-3797-9f1f-71f84f6b68b9,2,88,JAM_STAND_STILL_TRAFFIC,Tanjung Duren Barat 1,106.781234,-6.173849,1507269553079,
ID,0,Jakarta Barat,0,0,5,JAM,7fa61476-a3b8-3887-a91f-ee4e3939583b,2,59,JAM_HEAVY_TRAFFIC,Kedoya Raya,106.762195,-6.16821,1507269634426,
ID,0,Jakarta Barat,1,0,5,JAM,f776269e-ef44-31de-a344-7e5feb372401,2,210,JAM_HEAVY_TRAFFIC,Duri Kosambi,106.723843,-6.168325,1507269671926,
ID,0,Jakarta Barat,2,0,5,JAM,d269f402-d8bd-31aa-8777-c13c52a5b2a4,2,27,JAM_STAND_STILL_TRAFFIC,Semanan Raya,106.705098,-6.158257,1507269775152,
ID,0,Jakarta Barat,2,0,5,WEATHERHAZARD,d7e2208d-84f0-3f9f-be9d-a12aafe2e1d4,2,27,HAZARD_ON_ROAD_CAR_STOPPED,Semanan Raya,106.705264,-6.157941,1507269873743,
ID,0,Jakarta Barat,0,0,5,JAM,46672af1-7b98-3d56-ad60-3cdb8075e5a2,1,0,,,106.766138,-6.192859,1507269886902,
ID,0,Jakarta Barat,0,0,5,ACCIDENT,9f0d0108-be3d-3ae2-99a7-3fbd13119db1,1,0,,,106.766134,-6.192861,1507269902663,
ID,0,Tangerang,0,0,5,JAM,fe9a821f-20a3-36e0-a449-402276414478,1,325,,Australia 2,106.70419,-6.183122,1507270138280,
ID,0,Jakarta Barat,1,0,5,JAM,bf1e33cb-87a5-398c-9bb8-b824b08c30dd,1,179,JAM_STAND_STILL_TRAFFIC,Tanjung Duren Utara 4,106.783082,-6.171945,1507270155636,
ID,0,Jakarta Barat,3,0,5,JAM,d42bc1db-1c5e-3595-be9f-64451485252c,2,91,JAM_HEAVY_TRAFFIC,Puri Lingkar Luar,106.739298,-6.191166,1507270175269,
ID,0,Tangerang,0,0,5,ACCIDENT,be68805b-9050-37f1-8801-0b73a9574746,1,325,,Australia 2,106.704195,-6.183129,1507270176912,
ID,0,Jakarta Selatan,0,5,10,ROAD_CLOSED,b59422f3-7221-324a-a416-e6eff3327e32,,0,ROAD_CLOSED_EVENT,,106.801087,-6.23979,1505800654364,penutupan proyek FO
ID,0,Jakarta Selatan,2,0,5,JAM,5b0533c7-3402-3367-81bb-45a42e1f1f5d,1,177,JAM_STAND_STILL_TRAFFIC,Jalan Ciranjang,106.811105,-6.237346,1507270040177,
ID,0,Jakarta Selatan,1,0,5,JAM,5cd15683-ac9c-3908-b412-ad3fa9718631,1,179,JAM_STAND_STILL_TRAFFIC,Hang Jebat 1,106.79537,-6.235722,1507270095825,
ID,0,Jakarta Selatan,0,5,10,ROAD_CLOSED,bdd040a6-71e8-3a34-ac9c-93bb91f5e30a,,0,ROAD_CLOSED_EVENT,,106.825694,-6.240016,1505096943554,proyek underpass
ID,0,Jakarta Selatan,0,5,10,ROAD_CLOSED,8a192560-adfd-30ca-98e8-963dd562ad41,,0,ROAD_CLOSED_EVENT,,106.825866,-6.240008,1500549412535,konstruksi underpass
ID,0,Jakarta Selatan,1,0,5,JAM,ad0f00d8-9108-3578-bc40-ae333fd32052,2,261,,Wolter Monginsidi,106.812809,-6.238853,1507269546993,
ID,0,Jakarta Selatan,2,0,5,JAM,2297c133-3cfc-3d1c-bc4f-a42d292c691b,2,114,JAM_HEAVY_TRAFFIC,Senopati,106.808126,-6.230769,1507269638374,
ID,0,Jakarta Selatan,3,0,5,JAM,c7d9a7ea-b1fb-36ec-8321-6fcf1b833525,2,287,JAM_STAND_STILL_TRAFFIC,Prof DR Satrio,106.82999,-6.225534,1507269686717,
ID,0,Jakarta Selatan,2,0,5,JAM,055f1b0c-afdc-353f-9029-00d3d8759662,2,179,JAM_HEAVY_TRAFFIC,Hang Tuah,106.797472,-6.236229,1507269707459,
ID,0,Jakarta Selatan,0,0,5,JAM,92b9d0b6-24b8-3d17-8fd7-ca50c1279443,2,181,JAM_HEAVY_TRAFFIC,Hang Tuah,106.797477,-6.235414,1507269788033,
ID,0,Jakarta Selatan,0,0,5,JAM,1adc24d6-3345-3daf-ba43-bd16ee263085,2,240,JAM_STAND_STILL_TRAFFIC,Tebet Raya,106.853373,-6.22948,1507269294255,
ID,0,Jakarta Pusat,0,4,10,ROAD_CLOSED,037a1303-726f-3133-85ce-be99debef0ec,,0,ROAD_CLOSED_EVENT,,106.853941,-6.199684,1501827112527,Konstruksi Underpas
ID,0,Jakarta Pusat,0,5,10,ROAD_CLOSED,9fb0c761-18ef-34ac-a02d-03664b23237a,,0,ROAD_CLOSED_EVENT,,106.853667,-6.199425,1501827671336,pembangunan underpass
ID,0,Jakarta Pusat,0,5,10,ROAD_CLOSED,5ecb9b8e-c3b5-3929-aef9-8cfe2b6a4fab,,0,ROAD_CLOSED_EVENT,Matraman Raya,106.853941,-6.199684,1501827905900,Konstruksi Underpas
ID,0,Jakarta Selatan,2,1,8,WEATHERHAZARD,d8152a6a-75de-3c8c-986d-b853a82b6492,2,335,HAZARD_ON_SHOULDER_CAR_STOPPED,Dr Saharjo,106.844356,-6.217039,1507269192720,
ID,0,Jakarta Barat,4,0,6,JAM,d443ccc9-12a9-3725-9bf2-8bea92db5281,2,87,JAM_HEAVY_TRAFFIC,Kemanggisan Utama Raya,106.795921,-6.189547,1507269701596,
ID,0,Jakarta Pusat,1,0,5,JAM,bcf63e83-c909-378f-9e7e-08dee7cecb11,2,89,JAM_STAND_STILL_TRAFFIC,Kebon Jati,106.812284,-6.188629,1507269903696,
ID,0,Jakarta Pusat,1,0,5,JAM,f457b3e1-2fd3-3073-9627-4341205a4fb5,1,88,JAM_HEAVY_TRAFFIC,Jalan Teluk Betung,106.819051,-6.196112,1507269905779,
ID,0,Jakarta Pusat,1,0,5,JAM,39e9c26d-1e49-3587-93b6-500e7511738c,1,65,JAM_HEAVY_TRAFFIC,Jalan Indragiri,106.82044,-6.19584,1507270115889,
ID,0,,1,0,5,JAM,1f1d3329-c3cc-379e-828c-27888b27a384,,0,JAM_MODERATE_TRAFFIC,,106.815263,-6.189916,1507270194454,
ID,0,Jakarta Pusat,1,0,5,JAM,81031432-173f-30eb-b3ef-bb2da5dcaa1f,1,358,JAM_MODERATE_TRAFFIC,Ir H Juanda 3,106.823565,-6.166214,1507269242864,
ID,0,Jakarta Pusat,2,0,5,JAM,7fa70dee-ecdb-32e3-9c17-19d307450f37,2,5,JAM_STAND_STILL_TRAFFIC,Pecenongan,106.826392,-6.16677,1507270057564,
ID,0,Jakarta Pusat,1,0,5,JAM,c01b9810-cffb-3d1b-b21a-85af1df988e2,2,63,JAM_HEAVY_TRAFFIC,Perwira,106.830478,-6.172622,1507269443352,
ID,0,Jakarta Barat,3,0,5,JAM,74b52336-c437-3af2-95b3-adf7ef20db3f,2,80,JAM_MODERATE_TRAFFIC,KH Zainul Arifin,106.80893,-6.161218,1507269450219,
ID,0,Jakarta Pusat,1,0,5,JAM,df1d9d5c-1c59-3f51-b665-601e9258f592,2,174,JAM_HEAVY_TRAFFIC,Cideng Timur,106.810905,-6.168938,1507269653615,
ID,0,Jakarta Barat,0,0,5,JAM,6fb32f07-422f-3522-b400-b092c713a383,1,267,,,106.78858,-6.16965,1507269905080,
ID,0,Jakarta Pusat,2,0,5,JAM,adbdbc92-fd05-35fe-b42f-3e19fe0318b1,1,178,JAM_MODERATE_TRAFFIC,Ir H Juanda 1,106.83056,-6.167121,1507269964463,
ID,0,Jakarta Barat,1,0,5,JAM,afd459c3-6115-3109-90bb-140db9261dcb,4,216,JAM_STAND_STILL_TRAFFIC,Arah Tomang/Cawang,106.788719,-6.166554,1507270009633,
ID,0,Jakarta Pusat,0,5,10,ROAD_CLOSED,265f187a-a6bb-34eb-a6f3-0fd2d265b0b1,,0,ROAD_CLOSED_EVENT,Kembang Pacar,106.846686,-6.180604,1501575764474,penutupan perlintasan
ID,0,Jakarta Pusat,2,0,6,WEATHERHAZARD,19a2f8b4-b288-327d-aaf0-fb10fb60fdc7,8,66,,,106.843453,-6.178509,1507269257983,
ID,0,Jakarta Pusat,1,0,5,JAM,8c849f9f-a62a-3ba5-84fc-222189402352,2,78,JAM_HEAVY_TRAFFIC,Kebon Sirih,106.833651,-6.182613,1507270020891,
ID,0,Jakarta Pusat,1,0,5,JAM,d3c189a3-5b01-3089-8f63-e3ce41725988,2,78,JAM_STAND_STILL_TRAFFIC,Prajurit KKO Usman & Harun,106.834449,-6.182445,1507270085529,
ID,0,Jakarta Pusat,1,2,9,JAM,88225ce9-34be-3344-a060-b33482ff49c3,2,63,JAM_STAND_STILL_TRAFFIC,Perwira,106.831951,-6.171895,1507269109759,
ID,0,Jakarta Pusat,2,0,5,JAM,b81ef02e-b239-3238-a486-399ed4697884,2,253,JAM_STAND_STILL_TRAFFIC,Angkasa Raya,106.838404,-6.158952,1507270046039,
ID,0,,0,0,5,ACCIDENT,745c41e6-1efa-3dc2-b70c-a96d0999927e,2,263,,,106.806397,-6.135889,1507269498798,
ID,0,Jakarta Barat,1,0,5,JAM,bd769bf0-d855-342c-bc53-bc2287de7667,1,76,JAM_HEAVY_TRAFFIC,Pasar Pagi,106.80927,-6.13827,1507269586996,
ID,0,Jakarta Utara,2,0,5,JAM,fa789e0b-e366-309d-96bc-22ab2ad81511,4,102,JAM_MODERATE_TRAFFIC,Arah Pluit/Ancol/Tj Priok,106.78413,-6.131192,1507269619490,
ID,0,Jakarta Barat,1,0,6,JAM,d8068503-4e51-3273-b894-2d89abbda8be,1,87,JAM_HEAVY_TRAFFIC,Perniagaan,106.808588,-6.141574,1507269635044,
ID,0,Jakarta Utara,1,0,5,JAM,5a411ef0-cdc3-3666-9298-c1aecf86b749,4,344,JAM_HEAVY_TRAFFIC,Arah Pluit/Ancol/Tj Priok,106.784879,-6.132738,1507269766947,
ID,0,Jakarta Barat,1,0,5,JAM,cc655294-b3cc-3571-ae3f-ac93ef0fa46e,1,260,JAM_STAND_STILL_TRAFFIC,Perniagaan,106.807178,-6.141785,1507269771360,
ID,0,Jakarta Utara,0,1,9,ROAD_CLOSED,df814e66-e566-3b9c-a7e7-b0e705a1dc24,,0,ROAD_CLOSED_EVENT,Pluit Barat Raya,106.784854,-6.11566,1506750012090,Pembangunan Flyover Baywalk
ID,0,Jakarta Utara,0,0,6,ROAD_CLOSED,9eaf9525-19ba-33f9-a146-bdbe40db5410,,0,ROAD_CLOSED_EVENT,Pluit Barat Raya,106.784744,-6.116038,1506750023363,Pembangunan Flyover Baywalk
ID,0,Jakarta Barat,1,0,5,JAM,ee5b949a-db17-312a-9e3a-e1e9769212d5,1,119,JAM_STAND_STILL_TRAFFIC,Pancoran,106.812784,-6.14119,1507269785312,
ID,0,Jakarta Utara,3,0,5,JAM,52b633b3-63ce-3a85-80cc-d9655d703184,2,265,JAM_STAND_STILL_TRAFFIC,Bandengan Selatan,106.794507,-6.137215,1507269835138,
ID,0,Jakarta Barat,1,0,5,JAM,3d03550b-1a6b-305b-9270-047c6fe176ac,1,125,JAM_HEAVY_TRAFFIC,Pancoran,106.814085,-6.14202,1507269852846,
ID,0,Tangerang,2,0,6,JAM,cd4188e5-24e0-3a32-a4aa-c699cc744960,1,85,JAM_STAND_STILL_TRAFFIC,Benda,106.68435,-6.116467,1507269939150,
ID,0,Tangerang,1,2,9,JAM,eeef9af7-52c8-3621-bab1-ef462940f061,2,29,JAM_HEAVY_TRAFFIC,Husein Sastranegara,106.685356,-6.11566,1507269163096,
ID,0,Bekasi,0,5,10,ROAD_CLOSED,1a5bf67f-4d7b-3853-ba3b-834a2cfa47a3,,0,ROAD_CLOSED_EVENT,,106.952996,-6.249692,1505098069821,proyek becakayu
ID,0,Bekasi,0,0,6,ROAD_CLOSED,7710d23b-cb93-3da1-a341-8c7d29a6c18c,,0,ROAD_CLOSED_EVENT,KH Noer Ali,106.95012,-6.249747,1506332171038,proyek becakayu
ID,0,Bekasi,0,5,10,ROAD_CLOSED,5599dfc6-af2f-35d9-b342-0bb92e24f29a,,0,ROAD_CLOSED_EVENT,KH Noer Ali,106.952996,-6.249692,1506332170892,proyek becakayu
ID,0,Bekasi,0,5,10,ROAD_CLOSED,387246e4-e56d-3b2e-b489-5db7474b0705,,0,ROAD_CLOSED_EVENT,,106.952935,-6.250008,1505098069693,proyek becakayu
ID,0,Jakarta Timur,0,5,10,ROAD_CLOSED,54e01482-2e73-3b0d-baee-69389ec12813,,0,ROAD_CLOSED_EVENT,,106.88675,-6.214291,1502169415200,Konstruksi
ID,0,Jakarta Utara,0,5,10,ROAD_CLOSED,46741695-c9e0-3367-8a90-01b249a47fed,,0,ROAD_CLOSED_EVENT,Inspeksi Kirana,106.94064,-6.149854,1506411510155,Perbaikan Jembatan
ID,0,Jakarta Utara,0,5,10,ROAD_CLOSED,687c510a-52bc-35c7-a2d7-c8da707f8bde,,0,ROAD_CLOSED_EVENT,Inspeksi Kirana,106.939966,-6.151207,1506411510451,Perbaikan Jembatan
ID,0,Jakarta Utara,1,0,5,JAM,bb75d436-bf94-3c51-adad-d9403058421b,2,121,JAM_STAND_STILL_TRAFFIC,Blvd Barat Kelapa Gading,106.89352,-6.153458,1507269277200,
ID,0,Bekasi,0,0,6,JAM,334ff3f8-2a04-3365-91e0-57c2af5026b7,1,107,,,106.925554,-6.292186,1507269645401,
ID,0,Jakarta Utara,3,0,5,JAM,9174ad3c-be03-3fdf-bd44-4b9d67064e55,2,261,JAM_STAND_STILL_TRAFFIC,Danau Sunter Selatan,106.875926,-6.145742,1507269733893,
ID,0,Jakarta Utara,2,0,5,JAM,ef81a461-8697-378b-8eb0-ff99595145a4,2,122,JAM_HEAVY_TRAFFIC,Kelapa Nias Raya,106.901213,-6.149348,1507269744712,
ID,0,Jakarta Utara,2,0,6,JAM,a13393ea-1411-384e-b386-5e6cab09be67,2,304,JAM_MODERATE_TRAFFIC,Blvd Timur Kelapa Gading,106.913247,-6.165513,1507269809698,
ID,0,Jakarta Utara,1,0,5,JAM,4708990a-b126-30c8-8724-d1a4ec32f4c0,2,215,JAM_HEAVY_TRAFFIC,Blvd Kelapa Gading,106.90046,-6.168538,1507269825694,
ID,0,Jakarta Utara,0,0,5,JAM,198eb94b-0863-3c4c-aab6-db5caf8c8c4a,2,185,JAM_MODERATE_TRAFFIC,Blvd Utara Kelapa Gading,106.909282,-6.153417,1507269844120,
ID,0,Jakarta Utara,3,0,5,JAM,58de3881-4c20-37e3-8a11-cf7400256597,1,121,JAM_MODERATE_TRAFFIC,Pulau Jaga Utara,106.893214,-6.157249,1507269895164,
ID,0,Jakarta Utara,1,0,5,JAM,7b0fead5-269d-3919-a0a0-f0d48d03748d,2,121,JAM_HEAVY_TRAFFIC,Kelapa Nias Raya,106.900395,-6.148839,1507270140165,
ID,0,Jakarta Utara,1,0,5,JAM,4bbc4811-faf8-37ee-8f8c-7b7118404125,2,261,JAM_MODERATE_TRAFFIC,Danau Sunter Selatan,106.876595,-6.145631,1507270194051,
ID,0,Jakarta Utara,1,0,5,JAM,0dd06c70-98bc-3fa4-ae29-48a40c60774d,2,356,JAM_HEAVY_TRAFFIC,Pegangsaan Dua,106.916466,-6.159007,1507270198808,
ID,0,Jakarta Pusat,1,2,9,JAM,e13a2d24-a41d-3d6e-b8ad-0c32436372bd,7,245,JAM_STAND_STILL_TRAFFIC,Letjen Suprapto,106.869617,-6.169049,1507268907646,
ID,0,Jakarta Selatan,1,0,6,JAM,ce62e069-7bae-327e-a18c-faa1ee9cc3e4,7,127,,Arteri Permata Hijau,106.784773,-6.222283,1507269006428,
ID,0,Jakarta Barat,2,0,5,JAM,43d6a8bd-0103-35c8-8ba4-a7d6aa4a5349,7,193,JAM_STAND_STILL_TRAFFIC,Lingkar Luar Barat,106.728813,-6.146137,1507269299727,
ID,0,Jakarta Selatan,1,0,5,JAM,0513b36b-460e-3977-8df4-a350285de89a,7,142,,Flyover Mayjen TNI Prof Dr Moestopo,106.805442,-6.246694,1507269363125,
ID,0,Jakarta Selatan,1,0,5,JAM,1cbe079e-48ea-3a68-a41a-42a676c592e9,7,316,JAM_STAND_STILL_TRAFFIC,RA Kartini,106.778195,-6.288966,1507269431401,
ID,0,Jakarta Pusat,0,1,8,WEATHERHAZARD,d0c16d90-08c7-30f5-9bb4-43b2e6e6d2b3,7,7,HAZARD_ON_ROAD_POT_HOLE,Underpass Tanah Abang,106.815374,-6.188531,1507269447425,
ID,0,Jakarta Pusat,2,0,6,JAM,b69f7f9d-d2c8-3530-ad73-0cd2347bd5fe,7,166,JAM_STAND_STILL_TRAFFIC,Gunung Sahari,106.838525,-6.163514,1507269468245,
ID,0,Jakarta Selatan,2,0,5,WEATHERHAZARD,759889cd-4af7-3995-917d-38c202bc8d7c,7,290,HAZARD_ON_SHOULDER_CAR_STOPPED,Sultan Agung,106.841373,-6.207281,1507269503879,
ID,0,Jakarta Barat,1,0,5,JAM,b0b691d8-dbe4-3ca3-a8bf-0cce179147a9,7,112,JAM_STAND_STILL_TRAFFIC,Flyover Daan Mogot,106.770605,-6.161561,1507269572789,
ID,0,Jakarta Selatan,3,0,6,JAM,b10dcfe9-3c56-389d-8260-c547ffc117d1,7,4,JAM_HEAVY_TRAFFIC,Pasar Minggu Raya,106.842712,-6.24983,1507269628466,
ID,0,Jakarta Barat,1,0,5,JAM,7c16d310-dd06-3646-9921-30b2af2a48ac,7,266,JAM_HEAVY_TRAFFIC,Kyai Tapa,106.792194,-6.166719,1507269637905,
ID,0,Jakarta Selatan,2,0,5,JAM,3998b5c8-79e2-3497-8796-1c0241944c4c,7,23,JAM_MODERATE_TRAFFIC,Warung Jati Barat,106.82307,-6.292,1507269708462,
ID,0,Jakarta Pusat,2,0,6,JAM,e4f53d05-7f26-39d4-9750-236cb57a8a1e,7,265,JAM_HEAVY_TRAFFIC,Flyover Roxy,106.798573,-6.166168,1507269714696,
ID,0,Jakarta Barat,2,0,5,JAM,cd802930-b3d0-3d31-9a6c-d151dc0e58ef,7,267,JAM_HEAVY_TRAFFIC,Kyai Tapa,106.797767,-6.16634,1507269730727,
ID,0,Jakarta Selatan,2,0,6,JAM,0474dfd5-0ccd-3623-b1a3-fc1f55e4a3a9,7,0,JAM_STAND_STILL_TRAFFIC,Pattimura,106.800587,-6.232326,1507269781096,
ID,0,Jakarta Selatan,1,1,7,WEATHERHAZARD,b7f64b4a-8cc2-3d31-83f0-5d964bbd2dca,7,111,HAZARD_ON_ROAD_POT_HOLE,Ciledug Raya,106.757238,-6.236071,1507269836814,
ID,0,Jakarta Pusat,2,0,5,JAM,9751afdc-d8b2-3c2f-8dbd-74115cc646b2,7,97,JAM_STAND_STILL_TRAFFIC,Ir H Juanda,106.825914,-6.167099,1507269878362,
ID,0,Jakarta Barat,0,0,6,JAM,3bfd2a60-b264-32f4-94e8-3dc6a07ef70c,7,234,JAM_HEAVY_TRAFFIC,Tomang Raya,106.801138,-6.176421,1507269896576,
ID,0,Jakarta Pusat,1,0,5,JAM,4b58fbbb-51cb-36e4-85e6-32d37ebceb3c,7,252,,Underpass Angkasa,106.839166,-6.158657,1507269938396,
ID,0,Jakarta Barat,0,0,5,JAM,925ea053-8605-3f36-8fb0-4d37e828b5ec,7,165,JAM_MODERATE_TRAFFIC,Hayam Wuruk,106.81596,-6.145827,1507269990940,
ID,0,Jakarta Selatan,2,0,5,JAM,36436285-7478-3285-aada-754b6339eef3,7,161,JAM_MODERATE_TRAFFIC,HR Rasuna Said,106.83137,-6.218965,1507269997911,
ID,0,Jakarta Selatan,1,0,5,JAM,2b1aef44-66eb-376e-8384-bb24fe3875d3,7,283,JAM_HEAVY_TRAFFIC,KH Abdullah Syafi'ie,106.855312,-6.225182,1507270007987,
ID,0,Jakarta Barat,2,0,5,JAM,466f805b-8f3e-3e33-b907-dd3027a78ae6,7,167,JAM_HEAVY_TRAFFIC,Hayam Wuruk,106.818003,-6.154349,1507270011009,
ID,0,Jakarta Barat,2,0,5,JAM,efa92a1a-6ff8-3f97-a69c-9e774f77774b,7,162,JAM_STAND_STILL_TRAFFIC,Pintu Besar Selatan,106.814286,-6.140023,1507270032019,
ID,0,Jakarta Barat,3,0,5,WEATHERHAZARD,23a733b6-eb4a-3938-8919-8211fadf5770,7,177,HAZARD_ON_SHOULDER_CAR_STOPPED,Arteri Kelapa Dua Raya,106.769536,-6.203959,1507270053606,
ID,0,Jakarta Pusat,1,0,5,JAM,ae4ecb22-d959-32a1-a991-5970afaf86c7,7,193,JAM_STAND_STILL_TRAFFIC,KH Mas Mansyur,106.815138,-6.190718,1507270070299,
ID,0,Jakarta Barat,2,0,6,WEATHERHAZARD,d28863ff-4304-3000-bd16-d40c7f83d91d,7,166,HAZARD_ON_ROAD_CONSTRUCTION,Hayam Wuruk,106.818353,-6.155858,1507270138547,
ID,0,Jakarta Selatan,3,0,5,JAM,8ce6ae44-dff2-36b8-8d23-bd471cad8eb9,7,179,JAM_STAND_STILL_TRAFFIC,Sisingamangaraja,106.798562,-6.23503,1507270147240,
ID,0,Jakarta Selatan,2,0,5,JAM,92dfdd58-e3a5-35b3-ad2d-9542529e97ba,7,295,JAM_STAND_STILL_TRAFFIC,Pattimura,106.80016,-6.229606,1507270148376,
ID,0,Jakarta Pusat,0,0,5,JAM,f63dbcac-729f-365a-b4cb-7141ca65c715,7,268,JAM_STAND_STILL_TRAFFIC,Underpass Senen,106.845971,-6.175107,1507270168203,
ID,0,Jakarta Pusat,1,0,5,JAM,56220e95-5725-3100-b32e-57a9808ea9db,7,359,,Gunung Sahari,106.834206,-6.147145,1507270184107,
ID,0,Jakarta Timur,2,1,7,WEATHERHAZARD,82642c56-5aca-32da-b14b-d8c0bd6f3e34,7,273,HAZARD_ON_ROAD_CONSTRUCTION,Kalimalang,106.923256,-6.247595,1507269371794,
ID,0,Jakarta Utara,2,0,6,JAM,ba76e674-f7c5-36c0-a8de-903a65c1fdf3,6,261,JAM_STAND_STILL_TRAFFIC,N1 Pakin Raya,106.80793,-6.127853,1507269770997,
ID,0,Jakarta Selatan,2,0,5,JAM,30909304-b3f5-39c5-a4f7-5b4ef5d3f44f,6,332,JAM_HEAVY_TRAFFIC,N2 Gatot Subroto,106.814621,-6.223146,1507269783474,
ID,0,Jakarta Selatan,3,0,5,JAM,e7f127fb-da3f-39b3-89cc-f941ba47e109,6,179,JAM_MODERATE_TRAFFIC,N12 Metro Pondok Indah,106.783689,-6.266459,1507269980722,
ID,0,Jakarta Barat,1,0,5,JAM,8803e49f-e73c-3c7c-849a-6438f73458d6,6,356,JAM_MODERATE_TRAFFIC,N1 Prof Dr Latumeten,106.793364,-6.143434,1507270040279,
ID,0,Jakarta Timur,0,0,5,JAM,910eeed4-3c4d-3d26-a61f-3aaf909387f8,6,277,JAM_MODERATE_TRAFFIC,N2 MT Haryono,106.864152,-6.243413,1507270109069,
ID,0,Jakarta Selatan,1,1,7,JAM,86fa4425-2553-3b7f-9487-2f701350b213,6,142,JAM_HEAVY_TRAFFIC,N2 Gatot Subroto,106.815311,-6.223212,1507269296659,
ID,0,Tangerang Selatan,2,0,5,JAM,a137b3a7-38ee-3f58-89c0-2a3d52de0d71,6,4,JAM_HEAVY_TRAFFIC,N12 Ir H Juanda,106.765071,-6.294311,1507269477504,
ID,0,Jakarta Utara,2,0,5,JAM,66e67f52-4bfb-3503-b52d-511ab089ceac,6,87,JAM_HEAVY_TRAFFIC,N1 Pakin Raya,106.809455,-6.127619,1507269519438,
ID,0,Jakarta Utara,2,0,6,JAM,f7b4245f-76eb-3bf3-b073-1eb22c5c1abd,6,265,JAM_STAND_STILL_TRAFFIC,N1 Pakin Raya,106.809458,-6.127649,1507269548874,padatttt
ID,0,Tangerang Selatan,2,0,5,JAM,99851b2d-2391-3d29-97bb-eccc4e4a0183,6,222,,N12 Ir H Juanda,106.757127,-6.306245,1507269645292,
ID,0,,3,0,5,JAM,5abd6e29-6d9c-3e83-a3b5-51f6d8697825,6,190,JAM_HEAVY_TRAFFIC,N2 Jalan Raya Bogor,106.867422,-6.27069,1507269756886,
ID,0,Jakarta Pusat,0,0,5,JAM,5eec12f7-0368-3a0b-b91c-742884b057a8,6,18,JAM_MODERATE_TRAFFIC,Flyover Cempaka Mas,106.878059,-6.167731,1507269416784,
ID,0,Jakarta Timur,1,0,5,JAM,8b8b38e2-eaf4-36e1-82c8-6df4643dafeb,6,23,JAM_STAND_STILL_TRAFFIC,N13 DI Panjaitan,106.876245,-6.243833,1507270201645,
ID,0,,4,5,10,WEATHERHAZARD,7c8f4004-b3d0-3b91-baaa-a056d1bb665d,3,327,HAZARD_ON_SHOULDER_CAR_STOPPED,Tol Lingkar Luar (Ulujami-Kembangan),106.747281,-6.221915,1507267171361,
ID,0,,2,4,10,ACCIDENT,53e1406e-9a73-34ad-b762-debe950be96f,3,90,ACCIDENT_MINOR,Tol Lingkar Luar (Ulujami-TMII),106.804196,-6.292292,1507267848319,
ID,0,,1,3,10,JAM,d7e899b2-5db9-3c4d-b368-da1f2d7d97b2,3,291,JAM_HEAVY_TRAFFIC,Tol Cawang-Tebet,106.866626,-6.243884,1507268922187,
ID,0,,1,1,7,JAM,7ab3a89e-ae92-31da-86be-b58896e78bda,3,268,JAM_STAND_STILL_TRAFFIC,Tol Tebet-Kuningan,106.849663,-6.243385,1507269254178,
ID,0,,1,1,7,WEATHERHAZARD,fe3bfca2-729b-36f2-99f4-d6d039ae8ebb,3,269,HAZARD_ON_SHOULDER_CAR_STOPPED,Tol Lingkar Luar (TMII-Ulujami),106.807195,-6.292366,1507269724066,
ID,0,,1,0,5,JAM,b66e1b1f-9639-3bcf-9210-85fa36feead5,3,270,JAM_HEAVY_TRAFFIC,Tol Cawang-Tebet,106.860777,-6.243207,1507269976667,
ID,0,,0,0,5,JAM,0347e264-c7d7-3a1f-a3be-efdea535ecb0,3,112,JAM_MODERATE_TRAFFIC,Tol Lingkar Luar (Ulujami-TMII),106.82314,-6.294084,1507270019685,
ID,0,,1,1,7,JAM,6a6f3f8c-3e3d-302d-83e1-78f1f5bc0686,3,270,JAM_HEAVY_TRAFFIC,Tol Cawang-Tebet,106.854317,-6.243273,1507270053588,
ID,0,,0,4,10,JAM,02622502-13fd-355f-8610-a0e3bea44c8b,3,319,JAM_STAND_STILL_TRAFFIC,Tol Prof Dr Ir Sedyatmo,106.728063,-6.110587,1507267739924,Ini sih keterlaluan...masa udah 1 jam lebih?  E-toll bukannya untuk mempercepat ya?
ID,0,,3,0,5,JAM,441bc1f4-517f-3775-93e4-20bb36bdcd0c,3,318,JAM_HEAVY_TRAFFIC,Tol Prof Dr Ir Sedyatmo,106.731864,-6.114842,1507269199592,
ID,0,,0,2,10,ACCIDENT,ff6c0436-5172-3d76-90fa-b6b59852640f,3,281,ACCIDENT_MAJOR,Tol Pelabuhan,106.862151,-6.122248,1507263989053,
ID,0,,1,5,10,JAM,b6c982ee-dc41-38b3-8486-97962984640b,3,317,JAM_STAND_STILL_TRAFFIC,Tol Prof Dr Ir Sedyatmo,106.716689,-6.097751,1507263859896,
ID,0,,1,5,10,JAM,b9300b2c-b8fe-33e2-8d30-57d96fe98e7a,3,319,JAM_STAND_STILL_TRAFFIC,Tol Prof Dr Ir Sedyatmo,106.721804,-6.103581,1507265597870,selamat.. program e toll telah brhasil mnambah kemacetan toll ini.. wkwkwk..
ID,0,,0,0,6,JAM,00d4f2e7-0a4b-3aae-b0ff-f88892393271,3,100,JAM_MODERATE_TRAFFIC,Tol Pelabuhan,106.881128,-6.126021,1507269788896,
ID,0,,2,0,5,JAM,73bae3cb-6e88-35c8-8747-2b2815584404,3,76,JAM_HEAVY_TRAFFIC,Tol Pelabuhan,106.807368,-6.130957,1507269977987,
ID,0,,3,0,5,JAM,99a5bf6b-319c-37e0-97ca-386055e4919c,3,214,JAM_STAND_STILL_TRAFFIC,Tol Lingkar Luar Barat,106.732093,-6.120846,1507269991273,
ID,0,,0,0,5,JAM,2b3f06b7-8293-3830-9205-4032cc68f2f0,3,281,JAM_STAND_STILL_TRAFFIC,Tol Pelabuhan,106.874591,-6.124919,1507270013693,
ID,0,,2,0,5,JAM,0cff6616-1168-3fc5-9557-20a33d4a9344,3,272,JAM_STAND_STILL_TRAFFIC,Tol Prof Dr Ir Sedyatmo,106.747825,-6.12269,1507270075662,
ID,0,,1,0,5,JAM,0aa665ee-daf2-38fb-b863-f1a7fc2c3ed9,3,316,JAM_HEAVY_TRAFFIC,Tol Prof Dr Ir Sedyatmo,106.734163,-6.117074,1507270128137,
ID,0,,3,0,6,WEATHERHAZARD,fe5c495f-65e2-3baa-9b61-d2abaf8168d5,3,167,HAZARD_ON_ROAD_CONSTRUCTION,Tol Jagorawi,106.883269,-6.301177,1507269509508,
ID,0,,1,0,5,JAM,5483341d-b65a-3a51-af57-8be3c6e9b2a5,3,212,JAM_HEAVY_TRAFFIC,Tol Wiyoto Wiyono,106.885582,-6.155738,1507269822173,
